customer_id,name
2,"Melissa Armstrong"
3,"Todd Harris"
4,"Teresa Mccann"
7,"Heather Morton"
9,"David Gomez Jr."
11,"Kelly Ford"
13,"Brittany Martin"
14,"Tracey Mccoy"
15,"Cynthia Sutton DVM"
16,"Erik Ellison"
17,"Matthew Walton"
18,"Justin Ruiz"
19,"Maria Freeman DDS"
21,"Jose Simon"
22,"Margaret Ross"
24,"Aaron Woods"
25,"Nancy Jones"
27,"Guy Shaw"
29,"Evan Wilson"
30,"Jennifer Smith"
31,"Danielle Bass"
35,"Helen Diaz"
37,"William Richard"
40,"Michael Nelson"
41,"Brad Bishop"
42,"Chad Turner"
44,"Jordan Roberts"
45,"Steven Harris"
46,"Joseph Barrett"
47,"Michael Lara"
48,"Joanne Austin"
49,"Julie Davis"
50,"Christopher Lowery"
51,"Jason Myers"
52,"Carla Carlson"
53,"Lynn Reese"
54,"Joseph Molina"
55,"Erica Howe"
56,"Christina Duncan"
57,"Troy Martinez"
59,"Kathy King"
60,"Glenn Miller"
61,"Lynn Barrett"
62,"Cynthia Young"
63,"Jennifer Thornton"
64,"Jacob Sims"
65,"Frank Benton"
67,"Steven Edwards"
68,"Kristopher Stone"
71,"Jacqueline Taylor"
72,"Jeffrey Salazar"
73,"Amber Parker"
75,"Haley Simmons"
76,"Karen Walton"
77,"Leslie Hurley"
79,"Nathan Moore"
81,"Thomas Davidson"
82,"Gina Nelson"
83,"Elijah Ortiz"
85,"Wendy Roman"
86,"Barbara Garrett"
88,"Keith Hernandez"
89,"Nathaniel Snow"
91,"Michael Robles"
93,"Brianna Mccarty"
96,"Shari Sanders"
100,"Christopher Martinez"
